"County","Year","Employee Income","Taxes Paid","Disposable Income per Household","Disposable Income per Person","Disposable Income per Person Minus Rent","Self Employed Income","Capital Gains","Primary Income","Income from Rent","Social Benefits","Total Income per Household","Total Income per Person"
"Carlow","2000","421","192","505","11617","10800","86","20","561","34","136","696","16034"
"Carlow","2001","461","201","573","12945","12192","93","21","616","41","158","774","17487"
"Carlow","2002","474","191","617","13398","12840","85","18","624","46","184","808","17555"
"Carlow","2003","515","209","661","14132","13572","92","23","675","45","195","870","18604"
"Carlow","2004","570","238","722","15146","14756","103","26","739","40","220","959","20133"
"Carlow","2005","637","265","801","16398","15939","122","23","817","35","248","1066","21832"
"Carlow","2006","720","304","880","17574","16807","140","17","911","34","273","1184","23641"
"Carlow","2007","803","334","983","18995","17728","151","3","1014","57","303","1316","25447"
"Carlow","2008","819","323","1065","20055","18570","148","-4","1048","85","340","1387","26132"
"Carlow","2009","735","314","999","18590","17880","118","18","928","57","385","1314","24440"
"Carlow","2010","662","271","993","18372","17045","117","17","867","71","397","1264","23384"
"Carlow","2011","640","291","946","17365","16270","113","14","838","71","398","1236","22705"
"Carlow","2012","632","302","974","17809","16650","105","40","855","79","420","1276","23335"
"Carlow","2013","662","322","967","17612","16092","105","36","880","76","409","1289","23476"
"Carlow","2014","705","358","987","17844","16121","119","42","949","82","395","1344","24312"
"Carlow","2015","793","394","1056","18930","17208","123","43","1052","93","399","1451","26000"
"Carlow","2016","782","373","1038","18398","16652","115","31","1016","88","395","1411","25018"
"Carlow","2017","789","373","1077","18886","17212","121","41","1043","93","407","1451","25432"
"Carlow","2018","846","423","1125","19455","17146","142","41","1141","112","406","1548","26769"
"Cavan","2000","445","218","601","10994","10335","165","24","667","34","152","819","14981"
"Cavan","2001","494","226","686","12420","11850","174","25","733","40","179","912","16518"
"Cavan","2002","552","241","747","13219","12882","161","23","782","45","207","989","17484"
"Cavan","2003","617","271","807","14012","13653","170","29","862","45","217","1078","18722"
"Cavan","2004","705","309","909","15480","15269","190","34","971","41","247","1217","20739"
"Cavan","2005","795","348","1017","16984","16660","229","30","1090","36","275","1365","22787"
"Cavan","2006","886","383","1089","17752","17073","218","22","1162","36","310","1472","23986"
"Cavan","2007","1020","429","1213","19172","18011","222","4","1307","62","336","1643","25956"
"Cavan","2008","1029","396","1305","20043","18719","204","-6","1322","94","379","1701","26124"
"Cavan","2009","957","388","1249","18828","18254","163","23","1206","63","430","1636","24674"
"Cavan","2010","871","352","1217","18189","17019","167","23","1139","77","431","1569","23447"
"Cavan","2011","861","386","1152","15789","14973","168","19","1123","75","416","1538","21081"
"Cavan","2012","846","400","1180","16107","15233","160","54","1144","85","436","1581","21571"
"Cavan","2013","872","411","1173","15931","14685","153","47","1154","82","429","1583","21508"
"Cavan","2014","905","452","1184","15982","14556","172","54","1221","89","416","1636","22084"
"Cavan","2015","966","479","1241","16601","15209","184","53","1303","101","417","1720","23008"
"Cavan","2016","1003","484","1278","16899","15486","204","41","1341","93","421","1761","23301"
"Cavan","2017","1057","503","1368","17896","16564","220","56","1432","98","439","1871","24471"
"Cavan","2018","1115","529","1384","17862","15953","192","54","1480","120","433","1913","24691"
"Clare","2000","1017","475","1191","12171","11371","268","50","1410","74","256","1666","17022"
"Clare","2001","1103","488","1339","13469","12762","278","52","1522","89","305","1827","18382"
"Clare","2002","1205","514","1463","14170","13719","266","47","1619","101","358","1977","19146"
"Clare","2003","1284","537","1555","14927","14460","278","58","1716","97","376","2092","20082"
"Clare","2004","1356","615","1630","15455","15150","312","64","1817","85","429","2246","21288"
"Clare","2005","1512","689","1813","16902","16507","380","56","2022","73","480","2501","23322"
"Clare","2006","1636","752","1924","17651","16905","394","41","2141","71","534","2676","24549"
"Clare","2007","1818","814","2109","18865","17629","405","6","2347","117","576","2923","26141"
"Clare","2008","1906","783","2301","20184","18781","371","-10","2441","174","643","3084","27051"
"Clare","2009","1683","736","2129","18535","17904","303","41","2143","117","723","2866","24944"
"Clare","2010","1619","692","2090","18156","16883","277","42","2082","145","700","2782","24169"
"Clare","2011","1502","724","1903","16286","15268","269","33","1949","145","678","2627","22483"
"Clare","2012","1501","764","1963","16729","15682","263","95","2018","159","709","2727","23243"
"Clare","2013","1479","756","1904","16157","14713","256","81","1969","154","691","2660","22570"
"Clare","2014","1526","801","1929","16259","14622","277","92","2061","166","670","2731","23013"
"Clare","2015","1617","838","2000","16707","15093","278","88","2171","188","667","2838","23705"
"Clare","2016","1794","891","2115","17474","15805","298","72","2342","178","665","3006","24833"
"Clare","2017","1926","942","2290","18708","17122","319","99","2533","188","699","3232","26403"
"Clare","2018","2025","1016","2378","19169","16911","345","98","2697","229","697","3394","27357"
"Cork","2000","4485","2075","5291","12172","11234","1071","221","6163","387","1202","7366","16946"
"Cork","2001","4925","2217","6062","13773","12892","1219","235","6851","472","1429","8280","18811"
"Cork","2002","5559","2453","6593","14723","14072","1081","216","7395","538","1652","9046","20200"
"Cork","2003","5991","2645","7033","15500","14852","1172","267","7947","517","1731","9678","21330"
"Cork","2004","6539","2938","7618","16536","16093","1306","304","8602","453","1954","10557","22913"
"Cork","2005","7386","3284","8423","17970","17445","1480","265","9523","392","2184","11707","24975"
"Cork","2006","8023","3624","8901","18625","17735","1524","192","10116","378","2408","12525","26208"
"Cork","2007","8684","3873","9692","19674","18221","1661","30","10994","619","2571","13565","27535"
"Cork","2008","8977","3743","10496","20816","19132","1561","-48","11406","916","2833","14239","28239"
"Cork","2009","8296","3660","9867","19399","18605","1229","196","10339","618","3188","13527","26594"
"Cork","2010","7769","3349","9730","19085","17573","1213","199","9945","764","3135","13080","25654"
"Cork","2011","7568","3692","9100","17584","16306","1285","168","9810","790","2981","12792","24717"
"Cork","2012","7686","3928","9355","18002","16733","1183","477","10189","843","3094","13283","25561"
"Cork","2013","8016","4099","9440","18084","16358","1236","430","10498","817","3041","13539","25935"
"Cork","2014","8092","4286","9478","18036","16084","1372","483","10824","877","2939","13764","26192"
"Cork","2015","8466","4387","9779","18441","16516","1302","454","11215","993","2951","14166","26714"
"Cork","2016","9196","4611","10226","19073","16824","1439","369","12088","1084","2749","14837","27674"
"Cork","2017","9791","4900","10933","20166","17995","1540","510","12987","1146","2846","15833","29205"
"Cork","2018","10530","5450","11692","21280","18258","1677","513","14118","1397","3023","17141","31198"
"Donegal","2000","941","429","1371","10217","9600","300","49","1367","77","433","1800","13410"
"Donegal","2001","1025","435","1543","11374","10812","311","51","1480","93","498","1978","14585"
"Donegal","2002","1085","435","1672","12155","11760","300","45","1536","106","572","2107","15318"
"Donegal","2003","1193","478","1795","12805","12414","315","56","1665","101","608","2273","16219"
"Donegal","2004","1329","550","1952","13671","13415","339","64","1821","89","681","2502","17525"
"Donegal","2005","1410","589","2097","14388","14058","386","54","1927","77","760","2686","18432"
"Donegal","2006","1609","686","2252","15086","14512","376","40","2099","74","839","2938","19682"
"Donegal","2007","1742","723","2463","15993","15046","403","6","2277","126","909","3186","20688"
"Donegal","2008","1818","701","2699","17038","15912","378","-10","2378","192","1022","3400","21460"
"Donegal","2009","1692","704","2645","16395","15860","324","41","2189","132","1160","3349","20756"
"Donegal","2010","1584","629","2596","15940","14922","304","42","2094","164","1130","3225","19802"
"Donegal","2011","1507","663","2411","15009","14164","265","34","1967","162","1108","3075","19136"
"Donegal","2012","1418","670","2447","15167","14252","274","92","1967","183","1150","3117","19321"
"Donegal","2013","1421","669","2382","14699","13512","251","79","1928","177","1123","3051","18828"
"Donegal","2014","1454","723","2368","14515","13181","273","90","2007","191","1085","3091","18947"
"Donegal","2015","1555","763","2444","14848","13505","280","86","2137","216","1071","3207","19482"
"Donegal","2016","1610","768","2473","14859","13546","314","67","2187","197","1054","3241","19471"
"Donegal","2017","1758","818","2666","15839","14573","326","94","2385","208","1099","3484","20701"
"Donegal","2018","1980","932","2813","16490","14718","318","96","2647","253","1098","3745","21956"
"Dublin","2000","15698","7590","15947","14533","13144","2507","729","20399","1465","3139","23537","21451"
"Dublin","2001","17554","8112","18423","16625","15272","2749","782","22871","1786","3665","26536","23946"
"Dublin","2002","18109","8250","19212","17110","15770","2461","680","23288","2038","4173","27461","24457"
"Dublin","2003","19258","8831","20357","17947","16649","2806","833","24809","1912","4379","29187","25733"
"Dublin","2004","20592","9976","21171","18529","17525","3070","926","26229","1640","4919","31148","27260"
"Dublin","2005","22797","10920","22834","19641","18579","3423","788","28399","1391","5356","33755","29034"
"Dublin","2006","24764","12092","24218","20409","18945","3794","572","30446","1315","5863","36309","30599"
"Dublin","2007","27178","13197","26539","21569","19597","4136","91","33539","2133","6198","39737","32294"
"Dublin","2008","27782","12627","28693","22802","20491","3726","-147","34468","3107","6852","41320","32836"
"Dublin","2009","25234","12080","26577","21039","19907","3155","587","31047","2071","7611","38657","30602"
"Dublin","2010","23836","11098","25724","20384","18359","2422","589","29381","2534","7441","36822","29178"
"Dublin","2011","24174","12376","24527","19322","17508","2256","506","29625","2688","7278","36903","29072"
"Dublin","2012","24659","13317","25502","20008","18253","2170","1455","31077","2793","7741","38819","30456"
"Dublin","2013","25540","13615","25802","20152","17849","2289","1303","31825","2694","7592","39417","30785"
"Dublin","2014","26778","14273","26672","20693","18088","2461","1500","33637","2898","7308","40945","31767"
"Dublin","2015","28449","14997","28085","21592","19005","2523","1444","35692","3277","7390","43082","33122"
"Dublin","2016","30176","15404","29710","22592","19337","2433","1151","37666","3907","7447","45114","34305"
"Dublin","2017","31839","16284","31410","23621","20436","2537","1573","40091","4142","7603","47694","35867"
"Dublin","2018","34210","16928","33649","24969","20631","2086","1560","42919","5063","7658","50577","37530"
"Galway","2000","1819","813","2353","11865","10810","482","93","2594","200","572","3166","15962"
"Galway","2001","2033","867","2683","13245","12216","504","99","2878","242","672","3550","17526"
"Galway","2002","2201","908","2955","14136","13303","515","90","3081","275","783","3864","18481"
"Galway","2003","2551","1075","3228","15139","14363","556","117","3486","262","817","4303","20183"
"Galway","2004","2861","1281","3496","16090","15551","631","136","3856","228","920","4777","21985"
"Galway","2005","3148","1412","3820","17242","16647","741","117","4201","196","1031","5232","23613"
"Galway","2006","3476","1539","4120","18246","17319","766","86","4515","187","1144","5659","25062"
"Galway","2007","3773","1664","4470","19277","17758","803","13","4899","309","1235","6134","26453"
"Galway","2008","3960","1625","4911","20717","18921","764","-22","5157","456","1379","6536","27571"
"Galway","2009","3664","1587","4675","19489","18625","643","89","4701","304","1562","6262","26107"
"Galway","2010","3484","1465","4583","19022","17465","565","90","4511","372","1537","6048","25102"
"Galway","2011","3275","1539","4189","16760","15487","523","73","4244","373","1483","5727","22916"
"Galway","2012","3378","1670","4382","17461","16161","509","211","4506","407","1546","6052","24115"
"Galway","2013","3339","1665","4236","16802","15101","467","179","4379","394","1522","5901","23406"
"Galway","2014","3435","1766","4283","16877","14965","511","204","4574","423","1475","6049","23836"
"Galway","2015","3584","1828","4439","17334","15416","534","194","4792","479","1475","6267","24473"
"Galway","2016","3929","1938","4709","18186","16100","604","158","5180","488","1467","6647","25671"
"Galway","2017","4159","2025","5013","19148","17126","622","216","5514","516","1524","7038","26882"
"Galway","2018","4299","2137","5101","19226","16457","589","208","5726","629","1512","7238","27280"
"Kerry","2000","993","459","1405","10774","10061","373","54","1507","87","356","1864","14296"
"Kerry","2001","1104","506","1606","12166","11523","428","58","1695","105","417","2112","15996"
"Kerry","2002","1185","508","1719","12974","12522","393","51","1748","118","480","2228","16811"
"Kerry","2003","1318","561","1847","13754","13297","406","64","1902","115","506","2408","17934"
"Kerry","2004","1412","637","1972","14461","14148","448","72","2033","101","575","2609","19132"
"Kerry","2005","1575","707","2166","15614","15222","508","62","2233","88","640","2873","20710"
"Kerry","2006","1730","783","2318","16391","15697","535","46","2397","85","705","3101","21930"
"Kerry","2007","1859","828","2507","17199","16056","569","7","2579","144","756","3335","22876"
"Kerry","2008","1931","793","2714","18186","16862","540","-11","2673","213","834","3507","23503"
"Kerry","2009","1813","784","2587","17185","16563","427","46","2430","144","941","3371","22395"
"Kerry","2010","1643","720","2521","16712","15522","453","47","2320","178","922","3241","21483"
"Kerry","2011","1547","762","2319","15987","14985","447","38","2206","174","875","3081","21237"
"Kerry","2012","1587","814","2415","16575","15511","419","108","2310","197","918","3228","22161"
"Kerry","2013","1553","816","2345","16023","14597","420","92","2256","191","905","3161","21601"
"Kerry","2014","1641","902","2396","16261","14647","474","108","2428","205","869","3297","22383"
"Kerry","2015","1758","936","2478","16667","15066","445","103","2538","232","876","3413","22960"
"Kerry","2016","1869","958","2683","17852","16218","478","81","2647","219","995","3641","24227"
"Kerry","2017","1979","1007","2856","18793","17229","513","111","2834","231","1029","3863","25419"
"Kerry","2018","2092","1116","2858","18557","16357","592","112","3077","281","898","3974","25803"
"Kildare","2000","2070","988","2033","13360","12282","359","96","2680","156","341","3021","19854"
"Kildare","2001","2339","1055","2388","15120","14141","392","104","3028","193","416","3443","21798"
"Kildare","2002","2550","1152","2588","15785","15079","359","94","3227","224","513","3740","22814"
"Kildare","2003","2745","1231","2801","16564","15852","411","117","3493","219","540","4032","23842"
"Kildare","2004","3059","1419","3060","17507","17017","473","136","3863","195","615","4478","25626"
"Kildare","2005","3441","1580","3373","18555","17959","541","119","4272","171","681","4953","27245"
"Kildare","2006","3898","1812","3721","19689","18677","583","89","4737","168","796","5533","29278"
"Kildare","2007","4201","1930","4043","20560","18923","634","14","5126","277","847","5973","30375"
"Kildare","2008","4351","1861","4404","21734","19905","579","-23","5309","402","956","6265","30915"
"Kildare","2009","3980","1775","4125","19993","19197","482","91","4818","265","1082","5900","28598"
"Kildare","2010","3648","1594","3972","19003","17453","422","90","4480","321","1086","5566","26630"
"Kildare","2011","3480","1686","3650","17407","16087","382","73","4268","333","1068","5337","25449"
"Kildare","2012","3505","1792","3788","17989","16715","370","207","4431","349","1149","5580","26500"
"Kildare","2013","3496","1788","3745","17705","15938","388","180","4402","338","1130","5533","26156"
"Kildare","2014","3651","1896","3835","18012","16003","418","207","4640","364","1091","5731","26914"
"Kildare","2015","3991","2044","4092","19044","17061","433","204","5041","413","1095","6136","28557"
"Kildare","2016","4393","2164","4407","20286","17909","435","167","5457","461","1114","6571","30246"
"Kildare","2017","5118","2495","4958","22568","20269","460","248","6316","490","1136","7452","33925"
"Kildare","2018","5500","2583","5240","23538","20276","352","243","6696","600","1127","7823","35138"
"Kilkenny","2000","697","312","871","11080","10333","196","35","984","55","199","1183","15050"
"Kilkenny","2001","750","324","984","12278","11603","215","37","1069","67","239","1307","16316"
"Kilkenny","2002","826","334","1084","13487","13014","202","33","1138","76","280","1418","17647"
"Kilkenny","2003","910","374","1170","14331","13848","222","42","1248","74","296","1544","18912"
"Kilkenny","2004","976","439","1229","14769","14435","243","47","1333","66","335","1668","20041"
"Kilkenny","2005","1097","491","1362","15981","15562","283","41","1480","58","374","1854","21746"
"Kilkenny","2006","1274","581","1523","17420","16672","326","32","1689","57","415","2104","24062"
"Kilkenny","2007","1427","640","1695","18771","17543","363","5","1890","94","446","2335","25857"
"Kilkenny","2008","1506","629","1852","19980","18597","343","-8","1981","140","501","2481","26769"
"Kilkenny","2009","1351","594","1714","18265","17641","262","33","1740","95","567","2308","24588"
"Kilkenny","2010","1209","511","1639","17367","16108","241","32","1600","118","550","2150","22786"
"Kilkenny","2011","1157","558","1526","16041","14973","248","27","1554","122","530","2084","21903"
"Kilkenny","2012","1160","587","1572","16459","15396","233","75","1599","130","560","2159","22601"
"Kilkenny","2013","1278","648","1628","16965","15502","250","71","1725","126","551","2276","23715"
"Kilkenny","2014","1321","704","1650","17078","15413","282","81","1820","136","534","2354","24368"
"Kilkenny","2015","1439","750","1739","17838","16215","284","79","1955","153","534","2489","25534"
"Kilkenny","2016","1420","713","1725","17498","15764","274","58","1903","152","535","2438","24730"
"Kilkenny","2017","1454","733","1834","18405","16750","309","79","2002","160","565","2567","25761"
"Kilkenny","2018","1536","815","1917","18975","16642","348","78","2157","195","574","2731","27042"
"Laois","2000","531","250","628","11257","10523","140","26","736","38","141","877","15733"
"Laois","2001","588","258","712","12537","11886","138","27","800","47","169","970","17074"
"Laois","2002","670","283","798","13569","13165","128","26","877","53","203","1080","18376"
"Laois","2003","766","332","883","14691","14285","149","34","1001","53","214","1215","20213"
"Laois","2004","845","369","983","15975","15726","177","39","1109","48","243","1351","21966"
"Laois","2005","928","402","1074","16951","16576","200","33","1204","42","271","1475","23289"
"Laois","2006","1064","451","1171","17830","17098","187","25","1318","42","305","1622","24702"
"Laois","2007","1175","492","1279","18706","17483","187","4","1437","71","335","1772","25907"
"Laois","2008","1241","486","1398","19829","18424","157","-6","1499","108","385","1884","26729"
"Laois","2009","1135","476","1320","18374","17754","123","26","1356","73","440","1796","24995"
"Laois","2010","1044","407","1296","17766","16534","108","25","1266","89","436","1703","23346"
"Laois","2011","1097","477","1286","16014","15103","117","23","1327","91","436","1763","21950"
"Laois","2012","1072","489","1311","16253","15342","103","63","1335","98","465","1800","22317"
"Laois","2013","1138","520","1340","16540","15227","104","57","1394","95","466","1860","22961"
"Laois","2014","1156","551","1332","16336","14841","107","64","1429","102","454","1884","23095"
"Laois","2015","1176","555","1355","16465","15018","105","59","1455","115","455","1910","23210"
"Laois","2016","1253","575","1414","16996","15404","119","47","1536","117","454","1990","23908"
"Laois","2017","1317","594","1503","17863","16355","119","64","1623","123","475","2097","24926"
"Laois","2018","1306","589","1475","17302","15196","92","58","1606","149","459","2065","24212"
"Leitrim","2000","203","96","286","11071","10329","67","11","298","18","84","382","14772"
"Leitrim","2001","219","94","320","12256","11564","67","11","319","22","96","415","15861"
"Leitrim","2002","241","98","347","13467","12948","61","10","337","25","108","445","17257"
"Leitrim","2003","271","115","377","14363","13889","72","13","378","23","114","492","18728"
"Leitrim","2004","312","132","427","15964","15694","85","15","432","20","128","560","20911"
"Leitrim","2005","342","149","473","17298","16951","107","13","479","17","143","622","22747"
"Leitrim","2006","388","168","504","18015","17352","100","10","514","16","159","673","24021"
"Leitrim","2007","420","184","544","18828","17692","105","2","555","28","173","728","25201"
"Leitrim","2008","451","178","605","20362","19066","98","-2","588","42","195","783","26361"
"Leitrim","2009","416","179","579","19134","18567","82","10","537","28","222","758","25058"
"Leitrim","2010","391","156","579","18954","17811","80","10","516","35","219","735","24055"
"Leitrim","2011","381","170","542","17102","16315","78","9","499","32","214","712","22464"
"Leitrim","2012","369","175","555","17425","16534","77","24","507","38","223","730","22918"
"Leitrim","2013","374","177","541","16901","15634","70","20","500","36","218","718","22440"
"Leitrim","2014","379","191","538","16707","15267","78","23","520","39","209","729","22638"
"Leitrim","2015","395","198","554","17060","15648","80","22","542","45","210","752","23148"
"Leitrim","2016","401","196","564","17168","15714","89","17","550","42","211","760","23148"
"Leitrim","2017","443","210","609","18322","16936","88","24","599","45","219","818","24640"
"Leitrim","2018","481","231","634","18841","16862","85","23","645","54","220","865","25698"
"Limerick","2000","1845","836","2161","12576","11664","394","89","2475","148","522","2997","17443"
"Limerick","2001","2137","948","2495","14298","13473","422","97","2835","179","607","3443","19728"
"Limerick","2002","2130","868","2615","14919","14293","368","81","2781","202","702","3483","19868"
"Limerick","2003","2322","944","2800","15836","15244","394","101","3006","189","739","3744","21176"
"Limerick","2004","2459","1077","2920","16309","15920","435","112","3167","161","830","3997","22321"
"Limerick","2005","2704","1188","3195","17551","17095","527","96","3463","136","920","4384","24079"
"Limerick","2006","2967","1307","3416","18465","17673","544","70","3710","128","1014","4723","25532"
"Limerick","2007","3192","1373","3690","19440","18154","563","11","3975","209","1088","5063","26673"
"Limerick","2008","3202","1293","3919","20248","18779","515","-17","4008","308","1204","5212","26929"
"Limerick","2009","2901","1256","3711","19030","18351","420","68","3596","207","1371","4967","25473"
"Limerick","2010","2868","1220","3743","19155","17830","408","72","3604","256","1359","4963","25397"
"Limerick","2011","3181","1461","3783","19779","18673","405","67","3916","264","1327","5243","27417"
"Limerick","2012","3137","1522","3843","20010","18907","378","187","3986","284","1378","5365","27936"
"Limerick","2013","3099","1502","3760","19493","17901","390","161","3925","275","1338","5263","27280"
"Limerick","2014","3213","1613","3793","19534","17721","427","184","4119","295","1287","5406","27838"
"Limerick","2015","3332","1644","3908","19941","18184","422","172","4259","333","1293","5552","28332"
"Limerick","2016","3841","1807","4222","21306","19393","452","146","4769","330","1259","6028","30424"
"Limerick","2017","4050","1909","4511","22518","20716","505","200","5103","349","1317","6420","32045"
"Limerick","2018","4269","2015","4731","23302","20703","515","196","5405","425","1341","6746","33223"
"Longford","2000","252","118","357","11518","10836","87","13","373","20","102","474","15313"
"Longford","2001","285","124","404","12932","12331","88","14","410","24","118","528","16907"
"Longford","2002","309","128","446","14367","13985","89","13","438","27","136","574","18492"
"Longford","2003","355","147","487","15329","14962","94","17","492","26","142","634","19953"
"Longford","2004","381","176","514","15801","15584","107","19","529","22","160","689","21199"
"Longford","2005","427","197","568","16972","16658","123","16","586","19","179","766","22863"
"Longford","2006","477","216","609","17540","16903","116","12","624","19","200","825","23750"
"Longford","2007","513","224","661","18284","17236","119","2","666","32","219","885","24470"
"Longford","2008","534","217","718","19268","18040","108","-3","689","50","246","935","25088"
"Longford","2009","471","203","679","17894","17350","86","11","602","33","281","883","23252"
"Longford","2010","443","187","662","17159","16108","72","11","566","40","282","848","21997"
"Longford","2011","417","183","629","16169","15411","72","9","535","37","277","812","20877"
"Longford","2012","419","194","654","16760","15906","69","26","557","43","292","849","21736"
"Longford","2013","436","203","649","16540","15347","61","23","563","42","289","852","21711"
"Longford","2014","431","212","636","16094","14747","68","25","569","45","279","848","21476"
"Longford","2015","466","226","664","16662","15330","71","25","613","52","276","890","22331"
"Longford","2016","478","226","678","16823","15485","82","19","627","47","277","904","22434"
"Longford","2017","510","238","731","17943","16672","86","26","672","50","297","969","23783"
"Longford","2018","509","235","719","17410","15629","68","24","662","61","292","954","23097"
"Louth","2000","1111","545","1191","12518","11619","187","51","1430","81","306","1736","18245"
"Louth","2001","1241","577","1391","14463","13642","213","55","1609","99","360","1968","20466"
"Louth","2002","1370","633","1505","14777","14232","186","50","1720","113","418","2138","20997"
"Louth","2003","1470","684","1606","15483","14945","212","62","1853","108","437","2290","22082"
"Louth","2004","1569","633","1818","17203","16848","231","69","1964","94","487","2451","23191"
"Louth","2005","1739","699","1988","18428","17980","273","60","2153","81","534","2686","24905"
"Louth","2006","1836","736","2089","18903","18097","269","42","2225","78","600","2825","25565"
"Louth","2007","2018","795","2295","20138","18823","284","7","2437","128","653","3090","27112"
"Louth","2008","2065","749","2495","21276","19796","261","-11","2504","188","740","3243","27663"
"Louth","2009","1906","751","2369","19839","19175","211","43","2287","127","833","3120","26126"
"Louth","2010","1705","642","2263","18773","17461","168","41","2071","157","834","2904","24097"
"Louth","2011","1602","712","2059","16805","15684","156","33","1954","163","817","2771","22614"
"Louth","2012","1556","732","2114","17183","16062","154","92","1975","173","871","2847","23135"
"Louth","2013","1584","753","2096","16955","15464","155","81","1988","168","861","2849","23051"
"Louth","2014","1627","798","2089","16789","15107","164","92","2064","181","823","2887","23203"
"Louth","2015","1749","846","2183","17388","15710","162","89","2205","205","824","3029","24123"
"Louth","2016","1887","877","2295","18075","16213","175","72","2346","213","826","3172","24986"
"Louth","2017","2088","958","2491","19402","17601","180","102","2595","225","853","3449","26864"
"Louth","2018","2233","1006","2600","19987","17482","156","100","2764","274","843","3606","27721"
"Mayo","2000","953","440","1300","11572","10835","302","50","1382","78","358","1740","15483"
"Mayo","2001","1049","452","1462","12865","12197","306","52","1500","94","415","1914","16842"
"Mayo","2002","1121","462","1595","13580","13129","310","46","1583","106","474","2057","17513"
"Mayo","2003","1272","530","1727","14422","13988","331","59","1764","102","493","2258","18850"
"Mayo","2004","1384","610","1852","15176","14900","371","68","1912","89","550","2462","20177"
"Mayo","2005","1498","663","2025","16270","15905","442","58","2075","77","613","2688","21594"
"Mayo","2006","1604","697","2095","16517","15842","411","41","2130","74","662","2792","22015"
"Mayo","2007","1726","742","2248","17260","16154","422","6","2278","124","712","2990","22954"
"Mayo","2008","1815","726","2463","18494","17209","405","-10","2394","185","794","3188","23942"
"Mayo","2009","1700","737","2380","17665","17071","345","42","2213","126","904","3117","23134"
"Mayo","2010","1626","667","2355","17396","16223","316","43","2143","157","879","3022","22324"
"Mayo","2011","1483","677","2134","16382","15365","291","34","1965","158","846","2811","21581"
"Mayo","2012","1476","714","2195","16784","15727","288","95","2034","175","875","2909","22239"
"Mayo","2013","1466","712","2120","16132","14722","256","81","1972","169","860","2832","21553"
"Mayo","2014","1521","773","2122","16045","14453","279","93","2075","182","820","2895","21890"
"Mayo","2015","1512","770","2145","16071","14485","286","85","2090","207","825","2915","21839"
"Mayo","2016","1651","802","2241","16607","15062","312","68","2217","186","826","3043","22552"
"Mayo","2017","1767","849","2399","17583","16103","332","94","2389","196","859","3248","23805"
"Mayo","2018","1878","923","2469","17851","15783","324","92","2533","239","859","3392","24528"
"Meath","2000","1436","697","1539","12421","11449","346","70","1967","114","268","2235","18043"
"Meath","2001","1626","751","1809","14046","13168","389","77","2232","141","328","2560","19875"
"Meath","2002","1754","797","1957","14606","13977","366","69","2352","163","403","2755","20556"
"Meath","2003","1976","902","2156","15598","14966","403","88","2628","161","430","3058","22122"
"Meath","2004","2273","1059","2413","16892","16483","458","105","2982","145","490","3472","24305"
"Meath","2005","2672","1237","2750","18505","17998","539","95","3436","129","551","3987","26833"
"Meath","2006","3098","1461","3083","19959","19028","604","74","3903","127","641","4544","29418"
"Meath","2007","3399","1572","3399","21149","19608","658","12","4278","210","693","4971","30930"
"Meath","2008","3583","1542","3685","22248","20563","574","-19","4444","305","784","5227","31558"
"Meath","2009","3196","1417","3409","20213","19491","466","75","3942","204","884","4826","28616"
"Meath","2010","2939","1301","3290","19258","17777","447","74","3710","250","880","4591","26870"
"Meath","2011","2851","1399","3067","16704","15532","431","62","3606","263","860","4466","24325"
"Meath","2012","2885","1495","3163","17156","16040","424","176","3760","274","898","4658","25266"
"Meath","2013","2833","1468","3118","16834","15237","454","152","3704","266","881","4585","24759"
"Meath","2014","2988","1589","3201","17168","15345","479","175","3928","286","861","4790","25691"
"Meath","2015","3234","1689","3396","18054","16278","494","171","4222","323","864","5086","27033"
"Meath","2016","3459","1744","3613","18997","16895","525","137","4475","354","883","5358","28167"
"Meath","2017","3936","1958","4043","21021","18990","545","198","5058","379","943","6001","31202"
"Meath","2018","4212","2014","4212","21609","18703","438","193","5309","466","917","6226","31940"
"Monaghan","2000","442","206","582","10981","10331","143","23","640","32","148","788","14868"
"Monaghan","2001","482","210","659","12315","11747","150","24","694","39","175","869","16229"
"Monaghan","2002","509","207","705","13412","13038","142","21","715","44","198","913","17355"
"Monaghan","2003","578","237","760","14189","13807","145","27","793","43","205","997","18613"
"Monaghan","2004","675","280","851","15587","15367","156","32","901","38","230","1131","20722"
"Monaghan","2005","750","312","935","16786","16456","182","28","994","34","253","1247","22379"
"Monaghan","2006","808","331","966","16923","16255","160","19","1020","33","277","1297","22727"
"Monaghan","2007","883","349","1057","17958","16870","166","3","1106","54","300","1406","23884"
"Monaghan","2008","892","321","1124","18567","17363","140","-5","1106","79","339","1445","23867"
"Monaghan","2009","774","297","1038","16832","16295","103","18","948","53","388","1336","21654"
"Monaghan","2010","715","272","1020","16388","15342","119","18","917","64","375","1293","20762"
"Monaghan","2011","718","313","965","16001","15133","124","16","922","65","355","1278","21184"
"Monaghan","2012","629","293","939","15506","14598","116","40","856","70","376","1232","20343"
"Monaghan","2013","659","310","933","15335","14095","109","36","872","68","371","1243","20428"
"Monaghan","2014","696","343","950","15520","14108","129","42","940","73","354","1294","21126"
"Monaghan","2015","756","373","1008","16304","14914","150","42","1030","83","350","1380","22332"
"Monaghan","2016","801","376","1028","16448","14998","144","32","1057","80","347","1403","22458"
"Monaghan","2017","861","398","1119","17710","16331","158","45","1149","84","368","1517","24006"
"Monaghan","2018","838","372","1119","17471","15537","137","41","1119","103","371","1490","23276"
"Offaly","2000","554","258","689","11063","10360","156","28","779","41","167","946","15202"
"Offaly","2001","623","275","788","12423","11804","162","30","864","50","198","1063","16758"
"Offaly","2002","673","284","868","13635","13230","162","27","918","57","233","1152","18093"
"Offaly","2003","779","333","958","14706","14305","176","35","1046","56","244","1291","19815"
"Offaly","2004","841","365","1049","15748","15495","206","40","1137","50","277","1414","21220"
"Offaly","2005","947","406","1160","16906","16544","228","35","1253","44","312","1566","22817"
"Offaly","2006","1064","452","1244","17492","16789","216","26","1349","43","347","1696","23841"
"Offaly","2007","1118","463","1325","17889","16760","215","4","1408","71","379","1788","24136"
"Offaly","2008","1142","434","1423","18634","17388","191","-6","1431","104","426","1857","24321"
"Offaly","2009","1004","406","1329","17076","16515","150","24","1247","70","488","1735","22298"
"Offaly","2010","924","363","1286","16274","15182","132","23","1164","85","484","1649","20867"
"Offaly","2011","853","381","1177","15389","14451","131","19","1088","86","469","1558","20375"
"Offaly","2012","845","396","1208","15739","14781","119","52","1110","94","495","1604","20895"
"Offaly","2013","878","413","1209","15672","14379","114","46","1128","91","494","1622","21026"
"Offaly","2014","899","443","1210","15585","14125","124","52","1173","97","480","1653","21287"
"Offaly","2015","941","460","1248","15922","14479","127","50","1228","110","480","1708","21795"
"Offaly","2016","988","465","1283","16194","14685","138","39","1271","107","477","1748","22069"
"Offaly","2017","1069","497","1378","17203","15758","149","54","1385","112","490","1875","23406"
"Offaly","2018","1059","491","1372","16907","14910","125","50","1370","137","494","1864","22959"
"Roscommon","2000","435","194","600","11558","10826","153","23","647","36","147","794","15300"
"Roscommon","2001","484","205","676","12916","12262","158","24","709","43","172","881","16829"
"Roscommon","2002","521","215","746","13878","13460","170","22","761","48","200","961","17872"
"Roscommon","2003","590","240","805","14675","14249","172","28","837","47","208","1045","19059"
"Roscommon","2004","654","291","858","15360","15088","188","32","917","42","233","1150","20576"
"Roscommon","2005","743","334","968","16994","16629","230","29","1038","37","264","1303","22855"
"Roscommon","2006","824","358","1023","17609","16895","212","21","1092","36","289","1381","23781"
"Roscommon","2007","865","373","1078","18081","16889","208","3","1138","61","313","1451","24330"
"Roscommon","2008","911","349","1189","19507","18147","195","-5","1190","90","348","1539","25233"
"Roscommon","2009","836","339","1132","18352","17739","165","20","1082","60","390","1471","23850"
"Roscommon","2010","793","319","1092","17622","16417","146","21","1034","74","377","1411","22763"
"Roscommon","2011","749","341","1012","15839","14907","145","17","983","73","369","1353","21174"
"Roscommon","2012","738","355","1037","16160","15180","142","47","1009","81","383","1392","21701"
"Roscommon","2013","731","353","999","15503","14163","123","40","972","78","380","1352","20988"
"Roscommon","2014","765","386","1016","15666","14147","135","46","1031","84","371","1402","21612"
"Roscommon","2015","764","387","1031","15753","14253","143","42","1045","96","373","1418","21658"
"Roscommon","2016","845","406","1088","16444","14970","155","34","1121","86","374","1494","22579"
"Roscommon","2017","897","429","1177","17592","16189","167","47","1202","91","404","1606","23997"
"Roscommon","2018","934","456","1195","17625","15645","156","45","1246","111","405","1651","24347"
"Sligo","2000","512","218","646","11202","10396","116","25","697","44","166","863","14983"
"Sligo","2001","573","231","736","12634","11889","121","27","773","53","194","967","16601"
"Sligo","2002","644","257","812","13950","13422","122","25","849","59","220","1069","18373"
"Sligo","2003","723","298","882","14874","14383","138","32","948","56","232","1180","19905"
"Sligo","2004","811","347","962","15923","15630","152","37","1048","48","261","1309","21673"
"Sligo","2005","853","369","1038","16832","16443","188","31","1113","41","294","1407","22823"
"Sligo","2006","927","400","1095","17344","16633","186","22","1175","39","321","1496","23682"
"Sligo","2007","1017","435","1196","18366","17172","195","3","1282","66","350","1631","25044"
"Sligo","2008","1031","410","1284","19158","17799","180","-6","1305","99","389","1694","25275"
"Sligo","2009","978","414","1239","18145","17540","153","23","1221","67","432","1653","24211"
"Sligo","2010","929","372","1219","17701","16498","134","23","1168","82","424","1592","23105"
"Sligo","2011","825","372","1091","16725","15717","126","18","1049","80","413","1462","22427"
"Sligo","2012","836","398","1135","17341","16274","122","51","1099","90","433","1533","23413"
"Sligo","2013","848","399","1120","17028","15570","113","45","1093","87","426","1519","23101"
"Sligo","2014","858","426","1116","16861","15214","129","50","1131","94","412","1543","23300"
"Sligo","2015","900","444","1157","17324","15697","131","48","1185","106","416","1601","23966"
"Sligo","2016","909","434","1174","17385","15731","146","36","1191","100","417","1609","23816"
"Sligo","2017","989","464","1278","18707","17121","145","51","1290","105","452","1742","25503"
"Sligo","2018","978","474","1267","18306","16105","142","47","1295","128","446","1741","25154"
"Tipperary","2000","1202","550","1588","11407","10699","380","62","1737","92","402","2138","15361"
"Tipperary","2001","1377","621","1836","12963","12344","422","68","1978","111","479","2457","17343"
"Tipperary","2002","1484","628","1990","14203","13798","396","61","2067","126","551","2618","18682"
"Tipperary","2003","1632","689","2135","15040","14627","416","76","2246","122","578","2824","19894"
"Tipperary","2004","1755","774","2276","15778","15515","455","85","2402","108","649","3050","21144"
"Tipperary","2005","1959","863","2511","17045","16685","528","74","2654","94","720","3374","22904"
"Tipperary","2006","2219","985","2737","18188","17484","558","56","2924","91","798","3722","24730"
"Tipperary","2007","2446","1057","2994","19320","18171","590","9","3194","150","858","4051","26139"
"Tipperary","2008","2340","940","3117","19646","18312","550","-13","3106","230","951","4057","25572"
"Tipperary","2009","2211","943","2998","18700","18089","442","54","2864","158","1077","3941","24584"
"Tipperary","2010","2052","870","2940","18265","17036","439","55","2742","196","1068","3810","23674"
"Tipperary","2011","1839","909","2732","17261","16270","522","44","2597","191","1045","3642","23006"
"Tipperary","2012","1835","931","2770","17430","16359","430","122","2604","217","1098","3702","23291"
"Tipperary","2013","1916","1023","2891","18103","16641","588","116","2831","210","1083","3914","24512"
"Tipperary","2014","1982","1063","2806","17457","15811","492","126","2825","226","1043","3869","24069"
"Tipperary","2015","2102","1099","2898","17865","16247","474","119","2951","255","1046","3997","24641"
"Tipperary","2016","2132","1067","3041","18541","16925","468","89","2925","235","1183","4108","25048"
"Tipperary","2017","2318","1162","3276","19754","18213","555","127","3248","248","1190","4438","26764"
"Tipperary","2018","2469","1274","3306","19673","17505","578","126","3472","299","1107","4580","27251"
"Waterford","2000","1068","514","1219","12334","11530","242","51","1436","75","297","1732","17530"
"Waterford","2001","1138","521","1382","13718","13009","269","53","1550","90","352","1902","18889"
"Waterford","2002","1276","560","1517","14938","14480","240","49","1667","103","409","2077","20451"
"Waterford","2003","1359","593","1611","15610","15153","261","60","1777","97","428","2204","21360"
"Waterford","2004","1471","631","1771","16839","16566","289","68","1913","84","489","2402","22835"
"Waterford","2005","1586","677","1910","17727","17346","327","57","2042","72","545","2586","24007"
"Waterford","2006","1682","735","1999","18091","17370","348","41","2140","69","595","2734","24742"
"Waterford","2007","1878","811","2216","19413","18224","380","6","2379","115","648","3027","26516"
"Waterford","2008","1881","760","2366","20199","18874","352","-10","2392","169","734","3126","26688"
"Waterford","2009","1648","700","2217","18686","18087","287","40","2090","115","828","2917","24590"
"Waterford","2010","1557","649","2162","18123","16915","262","40","2001","143","809","2810","23564"
"Waterford","2011","1410","666","1947","17161","16115","254","31","1838","143","775","2614","23034"
"Waterford","2012","1413","702","2016","17698","16607","241","89","1901","158","817","2718","23855"
"Waterford","2013","1455","734","2005","17520","16045","248","79","1935","153","804","2739","23934"
"Waterford","2014","1583","823","2088","18122","16439","287","95","2130","164","781","2911","25266"
"Waterford","2015","1675","857","2165","18617","16965","289","91","2242","186","780","3022","25989"
"Waterford","2016","1671","818","2145","18250","16592","279","67","2190","173","774","2963","25210"
"Waterford","2017","1708","837","2280","19180","17601","311","90","2290","182","826","3117","26221"
"Waterford","2018","1824","926","2363","19616","17387","343","90","2479","222","810","3289","27305"
"Westmeath","2000","716","336","816","12097","11235","157","34","963","55","190","1152","17082"
"Westmeath","2001","815","364","944","13686","12916","164","37","1083","67","226","1309","18967"
"Westmeath","2002","875","379","1039","14453","13938","164","34","1147","75","270","1417","19723"
"Westmeath","2003","1002","442","1146","15594","15118","186","44","1303","72","285","1589","21611"
"Westmeath","2004","1034","449","1226","16306","15997","208","48","1352","62","323","1675","22272"
"Westmeath","2005","1122","489","1331","17185","16781","242","41","1459","54","361","1820","23493"
"Westmeath","2006","1219","526","1399","17416","16681","225","29","1524","51","400","1925","23967"
"Westmeath","2007","1328","559","1527","18261","17078","229","4","1646","84","440","2085","24942"
"Westmeath","2008","1351","525","1645","19090","17751","208","-7","1677","125","493","2170","25176"
"Westmeath","2009","1237","505","1585","18051","17453","172","29","1522","84","568","2090","23798"
"Westmeath","2010","1196","481","1561","17507","16335","156","30","1485","103","557","2042","22899"
"Westmeath","2011","1066","490","1399","16282","15279","157","23","1351","104","538","1888","21981"
"Westmeath","2012","1059","513","1445","16756","15731","152","65","1389","113","569","1958","22700"
"Westmeath","2013","1074","522","1427","16462","15065","138","56","1379","110","570","1949","22485"
"Westmeath","2014","1099","551","1437","16469","14889","154","64","1435","118","553","1988","22789"
"Westmeath","2015","1166","580","1497","17005","15444","160","62","1521","134","556","2077","23594"
"Westmeath","2016","1226","587","1549","17400","15745","175","48","1581","131","555","2136","23997"
"Westmeath","2017","1293","613","1641","18239","16657","180","66","1677","138","577","2255","25055"
"Westmeath","2018","1302","615","1632","17889","15702","148","61","1680","168","567","2247","24633"
"Wexford","2000","941","441","1248","11461","10712","288","48","1354","77","335","1689","15508"
"Wexford","2001","1051","482","1435","12928","12247","323","52","1520","94","398","1917","17272"
"Wexford","2002","1170","505","1587","13611","13156","296","47","1621","107","471","2092","17939"
"Wexford","2003","1291","569","1717","14491","14017","332","60","1789","106","498","2286","19296"
"Wexford","2004","1385","611","1886","15621","15287","381","68","1931","96","566","2497","20681"
"Wexford","2005","1581","692","2106","17023","16598","438","60","2164","85","633","2798","22617"
"Wexford","2006","1797","800","2337","18421","17657","495","46","2423","84","715","3137","24725"
"Wexford","2007","2057","907","2630","20068","18807","554","8","2759","141","778","3538","26991"
"Wexford","2008","2116","864","2851","21199","19747","517","-12","2832","212","883","3716","27625"
"Wexford","2009","1855","792","2665","19565","18882","400","46","2445","144","1012","3457","25380"
"Wexford","2010","1697","705","2602","18999","17687","381","46","2302","178","1004","3306","24144"
"Wexford","2011","1547","726","2400","16561","15507","362","36","2126","180","1000","3126","21573"
"Wexford","2012","1535","759","2471","16982","15901","350","102","2183","196","1047","3230","22198"
"Wexford","2013","1615","807","2481","16977","15551","359","92","2257","190","1031","3288","22497"
"Wexford","2014","1747","908","2553","17351","15728","403","110","2465","205","996","3461","23524"
"Wexford","2015","1917","976","2690","18118","16507","409","108","2666","232","1000","3666","24689"
"Wexford","2016","1874","918","2638","17572","15967","396","78","2563","215","993","3555","23685"
"Wexford","2017","1937","943","2758","18172","16633","422","106","2692","227","1009","3701","24382"
"Wexford","2018","2057","1061","2890","18787","16629","505","107","2945","277","1006","3951","25683"
"Wicklow","2000","1238","593","1407","12467","11445","311","62","1720","110","279","2000","17717"
"Wicklow","2001","1406","638","1634","14288","13324","337","67","1945","134","328","2272","19867"
"Wicklow","2002","1553","689","1780","15522","14781","303","61","2070","154","399","2469","21529"
"Wicklow","2003","1690","743","1928","16295","15569","336","76","2251","149","420","2671","22577"
"Wicklow","2004","1866","903","2025","16567","16072","367","87","2451","132","477","2928","23956"
"Wicklow","2005","2046","985","2197","17282","16703","421","74","2655","115","527","3183","25030"
"Wicklow","2006","2250","1109","2358","17836","16901","461","54","2877","111","590","3467","26228"
"Wicklow","2007","2479","1204","2585","18797","17282","495","9","3163","181","627","3790","27554"
"Wicklow","2008","2539","1138","2796","19722","17992","437","-14","3227","264","706","3933","27747"
"Wicklow","2009","2334","1148","2571","17811","17008","369","56","2936","177","782","3718","25765"
"Wicklow","2010","2190","1032","2557","17488","15985","347","56","2811","218","778","3589","24544"
"Wicklow","2011","2023","1047","2323","17053","15618","315","45","2612","230","759","3371","24739"
"Wicklow","2012","2037","1112","2409","17612","16210","309","127","2714","240","808","3521","25740"
"Wicklow","2013","2017","1091","2392","17406","15554","319","110","2679","233","804","3483","25342"
"Wicklow","2014","2104","1155","2453","17730","15643","347","126","2827","250","782","3608","26082"
"Wicklow","2015","2296","1240","2609","18689","16602","353","124","3056","284","792","3849","27568"
"Wicklow","2016","2473","1293","2748","19472","17140","371","99","3239","297","802","4041","28630"
"Wicklow","2017","2765","1422","3020","21157","18897","394","142","3615","314","827","4442","31123"
"Wicklow","2018","2949","1451","3165","21883","18749","309","137","3779","383","837","4616","31914"
